Workbook

Sheet Pruebas
A2: Pruebas de seguimiento del configurador Xbee
A6: Objetivo | B6: Descripción del objetivo | C6: Hito relacionado | D6: Pruebas previstas | E6: Prueba a verificar | F6: Cómo realizar la prueba | G6: Resultado esperado | H6: ¿Se cumplió? | I6: ¿De qué manera? Resultado observado | J6: Evidencia (archivo o enlace) | K6: Fecha de prueba | L6: Responsable | M6: Faltantes / Próxima acción
A7: O0 ·Preparación | B7: Preparar los equipos y la conexión serial, registrar la configuración inicial de los módulos XBee y definir las condiciones y los procedimientos de las pruebas. | C7: H0 · Preparación | D7: 2 | E7: TO0.1.Inventario y conexión | F7: Identificar las Raspberry, los XBee, el adaptador serial y el nodo ESP32. Registrar conexiones, puertos, velocidad serial y los valores iniciales de cada módulo antes de cambiarlo. | G7: El montaje puede reproducirse con los equipos, conexiones y valores iniciales registrados. | H7: Sí | I7: Se identifican los equipos utilizados y se registran las conexiones, el puerto y la velocidad serial, junto con los valores iniciales de los módulos XBee. Esta información permite reproducir el montaje y reconocer la configuración de cada módulo antes de modificarla. | K7: 46295 | L7: Tomás Palacio
C8: H0 · Preparación | E8: TO0.2.Plan de ensayos | F8: Definir qué módulos se usarán, su ubicación, alimentación, redes de prueba y condiciones de radio. Revisar que las pruebas de esta tabla cubran todos los objetivos. | G8: Las condiciones de los ensayos y las pruebas previstas están documentadas. | H8: Sí | I8: Se definen los módulos utilizados, su ubicación, alimentación, redes de prueba y condiciones de radio. Las condiciones de los ensayos y los procedimientos para verificar los objetivos quedan documentados. | K8: 30/09/2026 | L8: Tomás Palacio
A9: O1 · Identificación y Lectura local | B9: Identificar el módulo conectado y leer de manera fiable sus parámetros y datos de diagnóstico, incluida su MAC, antes de modificarlo. | C9: H1 · Local | D9: 5 | E9: TO1.1. Identificación del módulo | F9: Conectar el XBee a la Raspberry y ejecutar la lectura. Registrar la dirección MAC, el nombre NI y los valores ID, AP y CE. Comparar con los datos iniciales del módulo. | G9: El programa identifica el XBee correcto y presenta sus parámetros sin modificarlo. | H9: Sí | I9: El programa logra efecticamente identificar de manera local diferentes parámetros preestablecidos del Xbee. Estos parámetros son: MAC (SH y SL), NI, ID, AP, CE, BD, VR, HP, CM, DH y DL. | K9: 46152 | L9: Tomás Palacio
E10: TO1.2. Lecturas repetidas y diagnóstico | F10: Leer varias veces el mismo módulo sin cambiarlo. Comparar MAC, NI, ID, AP, CE y los datos de diagnóstico disponibles. Anotar cuántas lecturas se hicieron. | G10: Las lecturas coinciden. Un dato que no se pudo consultar se indica como no disponible. | H10: Sí | I10: Para un mismo módulo Xbee, el programa es capaz de leer repetidamente las diferentes variables, reconociendo invariablemente su MAC única. | K10: 46152 | L10: Tomás Palacio
E11: TO1.3. Lecutura tras cambio de configuración | F11: Mediante la herramienta XCTU se cambia la configuración del módulo. Registrar el nombre NI y los valores ID, AP y CE. Comparar con los datos anteriores del módulo y comprobar que efectivamente se haya producido un cambio en el registro de los parámetros. Comprobar que la dirección MAC se registre de igual manera. | G11: Se evidencia el cambio de parámetros en el módulo y la dirección MAC permance siendo la misma. | H11: Sí | I11: Se evidencia efectivamente los distintos valores de parámetros tras procederse un cambio en la configuración del módulo Xbee. Mientras tanto, la dirección MAC continua invariable, como es el resultado esperado. | K11: 46152 | L11: Tomás Palacio
E12: TO1.4. Lectura de parámetros con otro módulo distinto | F12: Se conecta un módulo distinto y se comprueba que el programa sea capaz de identificarlo y leer correctamente sus parámetros. Se comrprueba que la dirección MAC sea distinta y única. | G12: El programa es capaz de leer los parámetros de configuración de distintos módulos sin problema. Se evidencia que la dirección MAC registra es única para cada módulo | H12: Sí | I12: El programa logra efecticamente identificar de manera local diferentes parámetros preestablecidos de diferentes módulos Xbee. Estos parámetros son: MAC (SH y SL), NI, ID, AP, CE, BD, VR, HP, CM, DH y DL. Se evidencia la distinción de las diferentes MACs correspondientes de cáda módulo. | K12: 13/10/2026 | L12: Tomás Palacio
E13: TO1.5.Fallo de conexión | F13: Intentar la lectura con el XBee desconectado o con un puerto incorrecto. Registrar el mensaje mostrado. | G13: El programa informa el fallo y no muestra valores anteriores como si fueran una lectura nueva. | H13: Sí | K13: 14/10/2026 | L13: Tomás Palacio
A14: O2 · Configuración local | B14: Configurar localmente ID, AP, CE y NI, guardar los cambios y confirmar su persistencia mediante una lectura posterior y un reinicio eléctrico. | C14: H1 · Local | D14: 5 | E14: TO2.1. Cambio y lectura posterior | F14: Anotar los valores iniciales. Solicitar nuevos valores válidos de ID, AP, CE y NI, guardar los cambios y leer de nuevo los cuatro parámetros. | G14: Los cuatro valores leídos coinciden con los solicitados. | H14: Sí | I14: Se logra un correcto cambio en la confguración de un módulo Xbee de manera local. Los parámetros con posibilidad de cambio son: ID, AP, CE y NI. Los valores leídos posteriormente dentro de la configuración del módulo, corresponden a los valores exigidos por el usuario | K14: 46152 | L14: Tomás Palacio
E15: TO2.2. Persistencia tras reinicio | F15: Después de guardar una configuración, apagar y encender el XBee. Volver a leer ID, AP, CE y NI. Comparar con los valores que se solicitaron. | G15: La configuración permanece guardada después del reinicio eléctrico. | H15: Sí | I15: Tras un reinicio los valores de configuración permanecen en el Xbee. Esto evidencia que el guardado de los parámetros se encuentra dentro de la memoria no volátil. | K15: 46152 | L15: Tomás Palacio
E16: TO2.3. Valor inválido | F16: Introducir un valor que el programa considere inválido. Revisar el mensaje y leer de nuevo la configuración. | G16: El programa rechaza el valor y conserva la configuración anterior. | H16: Sí | K16: 13/10/2026 | L16: Tomás Palacio
E17: TO2.4. Cancelación antes de aplicar | F17: Iniciar una configuración y cancelarla antes de autorizar los cambios. Leer de nuevo los parámetros. | G17: El programa cancela la solicitud y conserva los valores iniciales. | H17: Sí | K17: 13/10/2026 | L17: Tomás Palacio
E18: TO2.5. Configuración local de otro módulo Xbee | F18: Comprobar que las pruebas anteriores sean satisfactorias con otro módulo diferente al utilizado anteriormente | G18: El programa es capaz de cambiar los parámetros NI, CE, AP, ID satisfactoriamente con diferentes módulos Xbee diferentes | H18: Sí | I18: El proceso de configuración local del programa funciona indistintamente del módulo Xbee utilizado. | K18: 13/10/2026 | L18: Tomás Palacio
A19: O3 · Búsqueda en la misma red | B19: Buscar e identificar los XBee que ya pertenecen a la misma red del XBee conectado a la Raspberry. Adicionalmente, reconocer correctamente parámetros de estos mismo módulos tales como ID, NI, CE y AP. | C19: H2 · Red actual | D19: 5 | E19: TO3.1. Detección de módulos conocidos | F19: Encender uno o más XBee conocidos en la misma red. Verificar si es capaz de detectar los dispositivos dentro de la misma red. | G19: La búsqueda identifica los módulos presentes por su MAC correctamente. | H19: Sí | I19: El programa logra identificar los módulos XBee encendidos dentro de la misma red del módulo conectado a la Raspberry. Se evidencia que las direcciones MAC encontradas corresponden a los módulos utilizados en la prueba. | K19: 46152 | L19: Tomás Palacio
A20: O3 · Misma red | E20: TO3.2. Identificación sin duplicados | F20: Ejecutar dos búsquedas consecutivas con los mismos módulos encendidos. Revisar la lista de resultados de cada búsqueda. | G20: Cada MAC aparece una sola vez en la lista de módulos. | H20: Sí | I20: Al realizar búsquedas consecutivas con los mismos módulos encendidos, cada dirección MAC aparece una sola vez en la lista de resultados. | K20: 46152 | L20: Tomás Palacio
E21: TO3.3. Identificación de parámetros de otros módulos dentro de la misma red. | F21: Reconocer parámetros de ID, CE, AP y NI de otros módulos dentro de la misma red | G21: Es capaz de reconocer correctamente los parámetros de ID, CE, AP y NI de otros módulos dentro de la misma red | H21: Sí | I21: El programa logra leer correctamente los parámetros ID, CE, AP y NI de otros módulos XBee dentro de la misma red. Los valores obtenidos corresponden a la configuración de cada módulo identificado. | K21: 46152 | L21: Tomás Palacio
E22: TO3.4. Identificación de cambio de parámetros | F22: Si el parámetro de un módulo dentro de la misma red es cambiado, verificar si este cambio se registra correctamente y no se superpone con el anterior. | G22: Identifica correctamente los cambios de parámetros y reemplaza los anteriores por los nuevos. | H22: Sí | I22: Se evidencia que el programa reconoce los cambios realizados en los parámetros de un módulo XBee de la misma red. El registro se actualiza con los nuevos valores y mantiene la identificación del módulo mediante su dirección MAC. | K22: 46152 | L22: Tomás Palacio
A23: O3 · Misma red | E23: TO3.5. Red vacía y error de búsqueda | F23: Primero apagar los módulos remotos y buscar. Después provocar un fallo de conexión con el XBee local y buscar de nuevo. Comparar los mensajes. | G23: El programa distingue una búsqueda sin módulos de una búsqueda que falló. | H23: Sí | K23: 13/10/2026 | L23: Tomás Palacio
A24: O4 · Búsqueda en otras redes | B24: Buscar XBee en otras redes mediante un intervalo de ID indicado por el operador y registrar en qué ID se encontró cada módulo. | C24: H3 · Otros ID | D24: 3 | E24: TO4.1.Intervalo y red encontrada | F24: Elegir un intervalo pequeño que incluya la red de un XBee conocido y una red sin módulos. Ejecutar la búsqueda y comparar los ID explorados con los elegidos. | G24: El programa explora los ID solicitados y registra en cuál encontró cada MAC. | H24: Sí | I24: El programa explora los ID comprendidos en el intervalo seleccionado e identifica los módulos XBee presentes en las redes consultadas. Cada módulo encontrado queda registrado con su dirección MAC y el ID de la red en la que fue identificado. | K24: 46275 | L24: Tomás Palacio
A25: O5 · Otras redes | E25: TO4.2. Progreso y duración | F25: Ejecutar la búsqueda de un intervalo. Registrar el progreso mostrado, el tiempo empleado en cada red y el tiempo total. | G25: El operador puede saber qué red se está explorando y cuánto duró la búsqueda. | H25: Sí | K25: 13/10/2026 | L25: Tomás Palacio
A26: O5 · Otras redes | E26: TO4.3.Cancelación o fallo | F26: Realizar una búsqueda y cancelarla. Repetir provocando un fallo. En ambos casos revisar los resultados guardados y leer el ID y AP locales al recuperar la conexión. | G26: La búsqueda informa por qué terminó, conserva los hallazgos y permite comprobar la configuración local inicial. | H26: Sí | K26: 13/10/2026 | L26: Tomás Palacio
A27: O5 · Configuración remota | B27: Leer y cambiar por radio la configuración de un XBee seleccionado por su MAC, sin conectarlo por cable, y comprobar sus valores finales de ID, AP, CE y NI. | C27: H4 · Remoto | D27: 5 | E27: TO5.1.Selección y lectura por MAC | F27: Descubrir un módulo remoto dentro de la red local, y luego un módulo remoto dentro de otra red, seleccionarlo por su MAC y leer ID, AP, CE y NI por radio. Comparar la MAC y los datos con los del módulo de prueba. | G27: La lectura corresponde al módulo seleccionado y permite conocer su configuración antes de modificarlo. | H27: Sí | I27: El programa permite seleccionar por su dirección MAC un módulo XBee de la red local y otro de una red diferente. En ambos casos, la lectura remota corresponde al módulo elegido y permite reconocer sus valores de ID, AP, CE y NI antes de modificarlos. | K27: 46275 | L27: Tomás Palacio
E28: TO5.2.Cambio de AP, CE y NI | F28: Anotar los valores remotos iniciales. Cambiar AP, CE y NI por radio usando valores compatibles con el ensayo. Guardar y leer de nuevo los tres parámetros. Hacer esto tanto para un módulo de una red local, como para un módulo de una red externa. | G28: Los valores se leen nuevamente y coinciden con los solicitados. | H28: Sí | I28: Se evidencia que el programa logra modificar por radio los parámetros AP, CE y NI de módulos XBee de la red local y de una red externa. Después de guardar los cambios, una nueva lectura confirma que los valores corresponden a los solicitados. | K28: 46275 | L28: Tomás Palacio
E29: TO5.3.Cambio de ID | F29: Anotar el ID remoto inicial. Solicitar otro ID por radio. Buscar el módulo en la red final y leer su configuración usando la misma MAC. | G29: El módulo se encuentra en la red final y la lectura confirma el nuevo ID. | H29: Sí | I29: El programa logra cambiar por radio el ID del módulo remoto. Posteriormente, el módulo se encuentra en la nueva red con la misma dirección MAC, y la lectura de su configuración confirma el nuevo ID. | K29: 46275 | L29: Tomás Palacio
E30: TO5.4.Persistencia remota | F30: Después de guardar los cambios, apagar y encender el módulo remoto. Buscarlo en su red final y volver a leer ID, AP, CE y NI. | G30: Los cuatro valores permanecen guardados tras el reinicio. | H30: Sí | I30: Después de guardar los cambios y apagar y encender el módulo remoto, se evidencia que los parámetros ID, AP, CE y NI conservan los valores configurados. El programa vuelve a identificar el módulo en su red final y confirma estos valores mediante una nueva lectura. | K30: 46275 | L30: Tomás Palacio
E31: TO5.5.Pérdida de respuesta | F31: Solicitar un cambio remoto e impedir su lectura posterior. Revisar el mensaje del programa y el registro de la operación. | G31: El programa informa que no pudo comprobar el cambio y no lo anuncia como terminado. | H31: Sí | K31: 13/10/2026 | L31: Tomás Palacio
A32: O6 · Recuperación del Xbee local | B32: Comprobar y, cuando sea necesario, restituir el ID y el AP del XBee de la Raspberry después de una operación, una cancelación o un error. | C32: H1 a H4 | D32: 3 | E32: TO6.1.Finalización normal | F32: Anotar el ID y AP del XBee local. Ejecutar una operación que los cambie temporalmente y permita terminar con normalidad. Leer ambos valores al finalizar. | G32: El ID y AP vuelven a sus valores originales y la lectura confirma la recuperación. | H32: Sí | I32: Al finalizar normalmente una operación que modifica temporalmente la configuración del XBee local, sus parámetros ID y AP recuperan los valores originales. La lectura posterior confirma que ambos valores coinciden con los registrados antes de iniciar la operación. | K32: 46275 | L32: Tomás Palacio
A33: O4 · Recuperación local | E33: TO6.2.Cancelación durante la búsqueda | F33: Anotar el ID y AP originales. Cancelar una búsqueda mientras el programa está usando otro ID. Leer de nuevo los valores locales. | G33: Después de cancelar, el XBee local recupera el ID y AP originales. | H33: Sí | K33: 13/10/2026 | L33: Tomás Palacio
A34: O4 · Recuperación local | E34: TO6.3.Error durante una operación | F34: Anotar el ID y AP originales. Desconectar el USB durante una búsqueda y revisar el mensaje. Reconectar el módulo, leer ambos valores y restablecerlos si cambiaron. | G34: El programa informa de la desconexión. Si no pudo comprobar la recuperación, lo advierte e indica cómo revisar y restablecer los valores después de reconectar. | H34: Sí | K34: 14/10/2026 | L34: Tomás Palacio
A35: O7 · Registro por módulo | B35: Mantener un registro JSON de cada XBee identificado por su MAC, con la última configuración comprobada y una marca de pendiente si un cambio todavía no puede verificarse. | C35: H5 · Registro | D35: 3 | E35: TO7.1.Una entrada por módulo | F35: Descubrir y leer dos veces el mismo XBee. Abrir el archivo JSON y contar las entradas de su MAC. Comparar los valores guardados con los leídos. | G35: Hay una sola entrada por MAC y sus valores confirmados coinciden con la lectura. | H35: Sí | I35: Al descubrir y leer repetidamente el mismo módulo XBee, el archivo JSON mantiene una única entrada asociada a su dirección MAC. Se evidencia que los valores guardados en el registro coinciden con los obtenidos mediante la lectura del módulo. | K35: 46275 | L35: Tomás Palacio
A36: O7 · Registro por MAC | E36: TO7.2.Cambio sin comprobar | F36: Guardar una configuración confirmada. Solicitar un cambio remoto e interrumpir su comprobación. Revisar la entrada del módulo en el archivo JSON. | G36: El registro conserva los últimos valores comprobados y señala el cambio solicitado como pendiente de comprobar. | H36: Sí | K36: 14/10/2026 | L36: Tomás Palacio
A37: O7 · Registro por MAC | E37: TO7.3.Verificación de un cambio pendiente | F37: Usar el módulo de la prueba anterior. Recuperar la comunicación, leer su configuración y comparar los valores leídos con los guardados en el archivo JSON. | G37: El JSON se actualiza con los valores leídos y retira la marca de pendiente después de comprobar el resultado. Si la lectura vuelve a fallar, conserva esa marca. | H37: Sí | K37: 14/10/2026 | L37: Tomás Palacio
A38: O8 · Recepción de mediciones | B38: Comprobar que, después de usar el configurador, el ESP32 sigue enviando sus mediciones y la Raspberry sigue recibiéndolas. | C38: H6 · Sensores | D38: 1 | E38: TO8.1.Recepción antes y después de usar el configurador | F38: Ejecutar el programa receptor y registrar las mediciones durante un tiempo definido. Detenerlo, usar el configurador y cerrarlo. Volver a ejecutar el receptor durante el mismo tiempo y comparar los mensajes recibidos y su interpretación. | G38: La Raspberry vuelve a recibir e interpretar correctamente las mediciones. La comparación permite comprobar si aparecen errores de lectura o cambios en la cantidad de mensajes recibidos. | H38: Sí | I38: Se evidencia que la comunicación entre el ESP32 y la Raspberry funciona antes y después de utilizar el configurador. Al cerrar el configurador y volver a ejecutar el programa receptor, la Raspberry recibe e interpreta correctamente las mediciones enviadas por el ESP32. | K38: 46275 | L38: Tomás Palacio
A39: O9 · Interfaz de usuario | B39: Desarrollar una interfaz clara y organizada que facilite la selección de módulos, la ejecución de las operaciones y la comprensión de los resultados y mensajes de error. | C39: H7 · Interfaz de usuario | D39: 3 | E39: TO9.1.Identificación en pantalla | F39: Revisar el menú principal. Cambiar de puerto y seleccionar un módulo remoto. Comprobar que la información mostrada permite identificar el puerto y el XBee sobre el que se va a trabajar. | G39: La pantalla identifica claramente el puerto seleccionado, el XBee local y el módulo remoto elegido, según la operación. | H39: Sí | I39: La pantalla muestra claramente el puerto seleccionado y la identificación del XBee local o del módulo remoto, según la operación. Al cambiar de puerto o seleccionar otro módulo, la información mostrada se actualiza y permite reconocer sobre cuál XBee se va a trabajar. | K39: 46275 | L39: Tomás Palacio
E40: TO9.2.Navegación por los menús | F40: Pedir a otro operador que seleccione un módulo, consulte su configuración y vuelva al menú principal siguiendo únicamente las instrucciones en pantalla. | G40: El operador completa el recorrido sin instrucciones adicionales y reconoce cómo seleccionar, continuar y regresar. | H40: Sin probar
E41: TO9.3. Claridad de los mensajes | F41: Ejecutar una operación correcta, introducir un valor inválido y provocar una pérdida de respuesta. Revisar los mensajes mostrados en cada caso. | G41: Los mensajes explican qué ocurrió y qué hacer después. Distinguen una operación completada, fallida o pendiente de comprobación. | H41: Sí | J41: Se encuentra en las evidencias de las otras pruebas | K41: 13/10/2026 | L41: Tomás Palacio
A42: O10 · Entrega | B42: Entregar el configurador, el manual de uso y recuperación y el informe de pruebas, comprobando que otra persona puede instalarlo y utilizarlo en otra Raspberry. | C42: H8 · Entrega | D42: 3 | E42: TO10.1.Instalación en otra Raspberry | F42: Instalar el programa en otra Raspberry siguiendo las instrucciones. Conectar un XBee y realizar una lectura y una configuración local. | G42: La instalación puede reproducirse y el programa funciona en la otra Raspberry. | H42: Sin probar
A43: Entrega | C43: H7 · Entrega | E43: TO10.2.Uso y recuperación con el manual | F43: Pedir a otra persona que siga el manual para leer, configurar, buscar módulos y recuperar una conexión interrumpida. Registrar los pasos que requirieron ayuda. | G43: La persona puede completar las operaciones y recuperar la comunicación con las instrucciones disponibles. | H43: Sin probar
A44: Entrega | C44: H7 · Entrega | E44: TO10.3.Informe final de pruebas | F44: Revisar que el informe incluya los resultados de esta tabla, las condiciones del montaje, las evidencias, los problemas encontrados y las funciones limitadas. | G44: El informe permite identificar qué se comprobó, qué falta y bajo qué condiciones se realizaron los ensayos. | H44: Sin probar

Sheet Objetivos y hitos
A2: Cumplimiento de objetivos y cierre de hitos
A6: Cumplimiento de objetivos
A8: Objetivo | B8: Descripción del objetivo | C8: Hitos relacionados | D8: Pruebas previstas | E8: Pruebas con «Sí» | F8: ¿Objetivo cumplido? | G8: Faltantes | H8: Comentarios | I8: Fecha de cierre
A9: O0 · Preparación | B9: Preparar los equipos y la conexión serial, registrar la configuración inicial de los módulos XBee y definir las condiciones y los procedimientos de las pruebas. | C9: H0 · Preparación | D9: 2 | E9: =COUNTIF(Pruebas!$H$7:$H$8,"Sí") -> 2 | F9: =IF(E9=D9,"Sí",IF(OR(E9>0,COUNTIF(Pruebas!$H$7:$H$8,"Parcialmente")>0),"Parcialmente",IF(COUNTIF(Pruebas!$H$7:$H$8,"No")>0,"No","Sin probar"))) -> Sí | H9: Se completó la preparación | I9: 30/09/2026
A10: O1 · Identificación y Lectura local | B10: Identificar el módulo conectado y leer de manera fiable sus parámetros y datos de diagnóstico, incluida su MAC, antes de modificarlo. | C10: H1 · Local | D10: 5 | E10: =COUNTIF(Pruebas!$H$9:$H$13,"Sí") -> 5 | F10: =IF(E10=D10,"Sí",IF(OR(E10>0,COUNTIF(Pruebas!$H$9:$H$13,"Parcialmente")>0),"Parcialmente",IF(COUNTIF(Pruebas!$H$9:$H$13,"No")>0,"No","Sin probar"))) -> Sí | H10: Se completó la etapa de identificación y lectura de parámetros local de un módulo Xbee pasando todas las prubas satisfactoriamente | I10: 14/10/2026
A11: O2 · Configuración local | B11: Configurar localmente ID, AP, CE y NI, guardar los cambios y confirmar su persistencia mediante una lectura posterior y un reinicio eléctrico. | C11: H1 · Local | D11: 5 | E11: =COUNTIF(Pruebas!$H$14:$H$18,"Sí") -> 5 | F11: =IF(E11=D11,"Sí",IF(OR(E11>0,COUNTIF(Pruebas!$H$14:$H$18,"Parcialmente")>0),"Parcialmente",IF(COUNTIF(Pruebas!$H$14:$H$18,"No")>0,"No","Sin probar"))) -> Sí | H11: La etapa de configuración local pasó todas las pruebas satisfactoriamente | I11: 13/10/2026
A12: O3 · Búsqueda en la misma red | B12: Buscar e identificar los XBee que ya pertenecen a la misma red del XBee conectado a la Raspberry, sin cambiar el ID de este último. | C12: H2 · Red actual | D12: 5 | E12: =COUNTIF(Pruebas!$H$19:$H$23,"Sí") -> 5 | F12: =IF(E12=D12,"Sí",IF(OR(E12>0,COUNTIF(Pruebas!$H$19:$H$23,"Parcialmente")>0),"Parcialmente",IF(COUNTIF(Pruebas!$H$19:$H$23,"No")>0,"No","Sin probar"))) -> Sí | I12: 13/10/2026
A13: O4 · Búsqueda en otras redes | B13: Buscar XBee en otras redes mediante un intervalo de ID indicado por el operador y registrar en qué ID se encontró cada módulo. | C13: H3 · Otros ID | D13: 3 | E13: =COUNTIF(Pruebas!$H$24:$H$26,"Sí") -> 3 | F13: =IF(E13=D13,"Sí",IF(OR(E13>0,COUNTIF(Pruebas!$H$24:$H$26,"Parcialmente")>0),"Parcialmente",IF(COUNTIF(Pruebas!$H$24:$H$26,"No")>0,"No","Sin probar"))) -> Sí | H13: La etapa de búsqueda de otras redes pasó todas las pruebas satisfactoriamente | I13: 13/10/2026
A14: O5 · Configuración remota | B14: Leer y cambiar por radio la configuración de un XBee seleccionado por su MAC, sin conectarlo por cable, y comprobar sus valores finales de ID, AP, CE y NI. | C14: H4 · Remoto | D14: 5 | E14: =COUNTIF(Pruebas!$H$27:$H$31,"Sí") -> 5 | F14: =IF(E14=D14,"Sí",IF(OR(E14>0,COUNTIF(Pruebas!$H$27:$H$31,"Parcialmente")>0),"Parcialmente",IF(COUNTIF(Pruebas!$H$27:$H$31,"No")>0,"No","Sin probar"))) -> Sí | I14: 13/10/2026
A15: O6 · Recuperación del Xbee local | B15: Comprobar y, cuando sea necesario, restituir el ID y el AP del XBee de la Raspberry después de una operación, una cancelación o un error. | C15: H1 a H4 · Recuperación local | D15: 3 | E15: =COUNTIF(Pruebas!$H$32:$H$34,"Sí") -> 3 | F15: =IF(E15=D15,"Sí",IF(OR(E15>0,COUNTIF(Pruebas!$H$32:$H$34,"Parcialmente")>0),"Parcialmente",IF(COUNTIF(Pruebas!$H$32:$H$34,"No")>0,"No","Sin probar"))) -> Sí | I15: 14/10/2026
A16: O7 · Registro por módulo | B16: Mantener un registro JSON de cada XBee identificado por su MAC, con la última configuración comprobada y una marca de pendiente si un cambio todavía no puede verificarse. | C16: H5 · Registro | D16: 3 | E16: =COUNTIF(Pruebas!$H$35:$H$37,"Sí") -> 3 | F16: =IF(E16=D16,"Sí",IF(OR(E16>0,COUNTIF(Pruebas!$H$35:$H$37,"Parcialmente")>0),"Parcialmente",IF(COUNTIF(Pruebas!$H$35:$H$37,"No")>0,"No","Sin probar"))) -> Sí | I16: 14/10/2026
A17: O8 · Recepción de mediciones | B17: Comprobar que, después de usar el configurador, el ESP32 sigue enviando sus mediciones y la Raspberry sigue recibiéndolas. | C17: H6 · Sensores | D17: 1 | E17: =COUNTIF(Pruebas!$H$38:$H$38,"Sí") -> 1 | F17: =IF(E17=D17,"Sí",IF(OR(E17>0,COUNTIF(Pruebas!$H$38:$H$38,"Parcialmente")>0),"Parcialmente",IF(COUNTIF(Pruebas!$H$38:$H$38,"No")>0,"No","Sin probar"))) -> Sí | H17: Se siguen recibiendo mediciones correctamente | I17: 46275
A18: O9 · Interfaz de usuario | B18: Desarrollar una interfaz clara y organizada que facilite la selección de módulos, la ejecución de las operaciones y la comprensión de los resultados y mensajes de error. | C18: H7 · Interfaz de usuario | D18: 3 | E18: =COUNTIF(Pruebas!$H$39:$H$41,"Sí") -> 2 | F18: =IF(E18=D18,"Sí",IF(OR(E18>0,COUNTIF(Pruebas!$H$39:$H$41,"Parcialmente")>0),"Parcialmente",IF(COUNTIF(Pruebas!$H$39:$H$41,"No")>0,"No","Sin probar"))) -> Parcialmente
A19: O10 ·Entrega | B19: Entregar el configurador, el manual de uso y recuperación y el informe de pruebas, comprobando que otra persona puede instalarlo y utilizarlo en otra Raspberry. | C19: H8 · Entrega | D19: 3 | E19: =COUNTIF(Pruebas!$H$42:$H$44,"Sí") -> 0 | F19: =IF(E19=D19,"Sí",IF(OR(E19>0,COUNTIF(Pruebas!$H$42:$H$44,"Parcialmente")>0),"Parcialmente",IF(COUNTIF(Pruebas!$H$42:$H$44,"No")>0,"No","Sin probar"))) -> Sin probar
A24: Cierre de hitos
A26: Hito | B26: Logro esperado | C26: Objetivos relacionados | D26: Criterio de cierre | E26: ¿Hito cumplido? | F26: Faltantes | G26: Comentarios | H26: Fecha de cierre
A27: H0 Preparación | B27: Montaje de prueba definido, inventario de equipos y parámetros iniciales, esquema de conexión y matriz de ensayos. | C27: Preparación de todos | D27: Están identificados los equipos, sus conexiones y sus valores iniciales. También está escrito qué pruebas se harán. | E27: =$F$9 -> Sí | G27: Se completó la preparación | H27: 30/09/2026
A28: H1 Local | B28: Primera versión capaz de leer y configurar localmente ID, AP, CE y NI. | C28: O1, O2 y O6 | D28: Se puede leer y cambiar la configuración de un XBee conectado a la Raspberry. Después de apagarlo y encenderlo, los valores siguen siendo los solicitados. | E28: =IF(AND($F$10="Sí",$F$11="Sí",$F$15="Sí"),"Sí",IF(OR($F$10="Sí",$F$10="Parcialmente",$F$11="Sí",$F$11="Parcialmente",$F$15="Sí",$F$15="Parcialmente"),"Parcialmente",IF(OR($F$10="No",$F$11="No",$F$15="No"),"No","Sin probar"))) -> Sí | H28: 14/10/2026
A29: H2 Red actual | B29: Búsqueda de los XBee que comparten la red actual e identificación de cada uno por MAC. | C29: O3 y O6 | D29: El programa muestra los XBee de la misma red e identifica cada uno sin repetirlo. También distingue entre una red sin nodos y un problema de conexión. | E29: =IF(AND($F$12="Sí",$F$15="Sí"),"Sí",IF(OR($F$12="Sí",$F$12="Parcialmente",$F$15="Sí",$F$15="Parcialmente"),"Parcialmente",IF(OR($F$12="No",$F$15="No"),"No","Sin probar"))) -> Sí | H29: 14/10/2026
A30: H3 Otros ID | B30: Exploración de intervalos acotados de ID, con progreso y duración registrados por red. | C30: O4 y O6 | D30: El programa busca en los valores de red elegidos por el operador y muestra dónde encontró cada XBee. Si la búsqueda se cancela o falla, el XBee de la Raspberry conserva su configuración inicial. | E30: =IF(AND($F$13="Sí",$F$15="Sí"),"Sí",IF(OR($F$13="Sí",$F$13="Parcialmente",$F$15="Sí",$F$15="Parcialmente"),"Parcialmente",IF(OR($F$13="No",$F$15="No"),"No","Sin probar"))) -> Sí | H30: 14/10/2026
A31: H4 Remoto | B31: Lectura y configuración por radio de un XBee seleccionado por MAC, incluida la verificación tras un cambio de ID. | C31: O5 y O6 | D31: Después de modificar un XBee por radio, el programa lee de nuevo sus valores y comprueba el cambio. Si pierde contacto, informa «No se pudo comprobar» en lugar de darlo por terminado. | E31: =IF(AND($F$14="Sí",$F$15="Sí"),"Sí",IF(OR($F$14="Sí",$F$14="Parcialmente",$F$15="Sí",$F$15="Parcialmente"),"Parcialmente",IF(OR($F$14="No",$F$15="No"),"No","Sin probar"))) -> Sí | H31: 14/10/2026
A32: H5 Registro | B32: Registro JSON por MAC con configuración comprobada, intentos y operaciones pendientes. | C32: O7 | D32: Cada XBee tiene un solo registro. El archivo guarda como confirmados únicamente los valores que se pudieron leer; los cambios que no se han comprobado aparecen como pendientes. | E32: =$F$16 -> Sí | H32: 14/10/2026
A33: H6 Sensores | B33: Ensayo de la recepción de mediciones desde el ESP32 hacia la Raspberry después de usar el configurador. | C33: O8 | D33: La Raspberry sigue recibiendo mediciones del sensor después de usar el configurador. Se comparan los envíos previstos con los datos recibidos para comprobarlo. | E33: =$F$17 -> Sí | G33: Se siguen recibiendo mediciones correctamente | H33: 46275
A34: H7 Interfaz de usuario | B34: Menús organizados, identificación visible del puerto y del módulo seleccionado, e instrucciones y mensajes claros para el operador. | C34: O9 | D34: Se cumplen las tres pruebas de O9: el puerto y el módulo se identifican claramente, otro operador recorre los menús sin ayuda adicional y los mensajes distinguen operaciones completadas, fallidas o pendientes e indican cómo continuar. | E34: =$F$18 -> Parcialmente
A35: H8 Entrega | B35: Versión estable, manual de operación, procedimiento de recuperación e informe de pruebas. | C35: O10 | D35: Otra persona puede usar el programa siguiendo el manual. El informe explica qué problemas surgieron, qué funciones quedaron limitadas y cómo recuperar la comunicación. | E35: =$F$19 -> Sin probar

Sheet Progreso de hitos
B2: Progreso de los hitos del configurador XBee
B3: Avance del hito = promedio del porcentaje de pruebas cumplidas de sus objetivos. Cada objetivo tiene el mismo peso.
B5: Hito | G5: Objetivos asociados | K5: Objetivos completos | P5: Avance | Q5: Estado del hito
B6: ='Objetivos y hitos'!A27 -> H0 Preparación | G6: O0 | K6: =IF('Objetivos y hitos'!$F$9="Sí",1,0) -> 1 | P6: =AVERAGE('Objetivos y hitos'!$E$9/'Objetivos y hitos'!$D$9) -> 1 | Q6: ='Objetivos y hitos'!E27 -> Sí
B7: ='Objetivos y hitos'!A28 -> H1 Local | G7: O1, O2, O6 | K7: =IF('Objetivos y hitos'!$F$10="Sí",1,0)+IF('Objetivos y hitos'!$F$11="Sí",1,0)+IF('Objetivos y hitos'!$F$15="Sí",1,0) -> 3 | P7: =AVERAGE('Objetivos y hitos'!$E$10/'Objetivos y hitos'!$D$10,'Objetivos y hitos'!$E$11/'Objetivos y hitos'!$D$11,'Objetivos y hitos'!$E$15/'Objetivos y hitos'!$D$15) -> 1 | Q7: ='Objetivos y hitos'!E28 -> Sí
B8: ='Objetivos y hitos'!A29 -> H2 Red actual | G8: O3, O6 | K8: =IF('Objetivos y hitos'!$F$12="Sí",1,0)+IF('Objetivos y hitos'!$F$15="Sí",1,0) -> 2 | P8: =AVERAGE('Objetivos y hitos'!$E$12/'Objetivos y hitos'!$D$12,'Objetivos y hitos'!$E$15/'Objetivos y hitos'!$D$15) -> 1 | Q8: ='Objetivos y hitos'!E29 -> Sí
B9: ='Objetivos y hitos'!A30 -> H3 Otros ID | G9: O4, O6 | K9: =IF('Objetivos y hitos'!$F$13="Sí",1,0)+IF('Objetivos y hitos'!$F$15="Sí",1,0) -> 2 | P9: =AVERAGE('Objetivos y hitos'!$E$13/'Objetivos y hitos'!$D$13,'Objetivos y hitos'!$E$15/'Objetivos y hitos'!$D$15) -> 1 | Q9: ='Objetivos y hitos'!E30 -> Sí
B10: ='Objetivos y hitos'!A31 -> H4 Remoto | G10: O5, O6 | K10: =IF('Objetivos y hitos'!$F$14="Sí",1,0)+IF('Objetivos y hitos'!$F$15="Sí",1,0) -> 2 | P10: =AVERAGE('Objetivos y hitos'!$E$14/'Objetivos y hitos'!$D$14,'Objetivos y hitos'!$E$15/'Objetivos y hitos'!$D$15) -> 1 | Q10: ='Objetivos y hitos'!E31 -> Sí
B11: ='Objetivos y hitos'!A32 -> H5 Registro | G11: O7 | K11: =IF('Objetivos y hitos'!$F$16="Sí",1,0) -> 1 | P11: =AVERAGE('Objetivos y hitos'!$E$16/'Objetivos y hitos'!$D$16) -> 1 | Q11: ='Objetivos y hitos'!E32 -> Sí
B12: ='Objetivos y hitos'!A33 -> H6 Sensores | G12: O8 | K12: =IF('Objetivos y hitos'!$F$17="Sí",1,0) -> 1 | P12: =AVERAGE('Objetivos y hitos'!$E$17/'Objetivos y hitos'!$D$17) -> 1 | Q12: ='Objetivos y hitos'!E33 -> Sí
B13: ='Objetivos y hitos'!A34 -> H7 Interfaz de usuario | G13: O9 | K13: =IF('Objetivos y hitos'!$F$18="Sí",1,0) -> 0 | P13: =AVERAGE('Objetivos y hitos'!$E$18/'Objetivos y hitos'!$D$18) -> 0.66666667 | Q13: ='Objetivos y hitos'!E34 -> Parcialmente
B14: ='Objetivos y hitos'!A35 -> H8 Entrega | G14: O10 | K14: =IF('Objetivos y hitos'!$F$19="Sí",1,0) -> 0 | P14: =AVERAGE('Objetivos y hitos'!$E$19/'Objetivos y hitos'!$D$19) -> 0 | Q14: ='Objetivos y hitos'!E35 -> Sin probar
B17: Sí | G17: Parcialmente | K17: No | P17: Sin probar
B19: Diagrama horizontal de dependencias de los hitos
L24: ='Objetivos y hitos'!$A$15&CHAR(10)&'Objetivos y hitos'!$F$15&CHAR(10)&TEXT('Objetivos y hitos'!$E$15/'Objetivos y hitos'!$D$15,"0%")&" · "&'Objetivos y hitos'!$E$15&" de "&'Objetivos y hitos'!$D$15&" pruebas con Sí" -> O6 · Recuperación del Xbee local Sí 100% · 3 de 3 pruebas con Sí
B32: ='Objetivos y hitos'!$A$27&CHAR(10)&'Objetivos y hitos'!$E$27&CHAR(10)&TEXT($P$6,"0%")&" de avance" -> H0 Preparación Sí 100% de avance | G32: ='Objetivos y hitos'!$A$28&CHAR(10)&'Objetivos y hitos'!$E$28&CHAR(10)&TEXT($P$7,"0%")&" de avance" -> H1 Local Sí 100% de avance | L32: ='Objetivos y hitos'!$A$29&CHAR(10)&'Objetivos y hitos'!$E$29&CHAR(10)&TEXT($P$8,"0%")&" de avance" -> H2 Red actual Sí 100% de avance | Q32: ='Objetivos y hitos'!$A$30&CHAR(10)&'Objetivos y hitos'!$E$30&CHAR(10)&TEXT($P$9,"0%")&" de avance" -> H3 Otros ID Sí 100% de avance | V32: ='Objetivos y hitos'!$A$31&CHAR(10)&'Objetivos y hitos'!$E$31&CHAR(10)&TEXT($P$10,"0%")&" de avance" -> H4 Remoto Sí 100% de avance | AA32: ='Objetivos y hitos'!$A$32&CHAR(10)&'Objetivos y hitos'!$E$32&CHAR(10)&TEXT($P$11,"0%")&" de avance" -> H5 Registro Sí 100% de avance | AF32: ='Objetivos y hitos'!$A$33&CHAR(10)&'Objetivos y hitos'!$E$33&CHAR(10)&TEXT($P$12,"0%")&" de avance" -> H6 Sensores Sí 100% de avance | AK32: ='Objetivos y hitos'!$A$34&CHAR(10)&'Objetivos y hitos'!$E$34&CHAR(10)&TEXT($P$13,"0%")&" de avance" -> H7 Interfaz de usuario Parcialmente 67% de avance | AP32: ='Objetivos y hitos'!$A$35&CHAR(10)&'Objetivos y hitos'!$E$35&CHAR(10)&TEXT($P$14,"0%")&" de avance" -> H8 Entrega Sin probar 0% de avance
B40: ='Objetivos y hitos'!$A$9&CHAR(10)&'Objetivos y hitos'!$F$9&CHAR(10)&TEXT('Objetivos y hitos'!$E$9/'Objetivos y hitos'!$D$9,"0%")&" · "&'Objetivos y hitos'!$E$9&" de "&'Objetivos y hitos'!$D$9&" pruebas con Sí" -> O0 · Preparación Sí 100% · 2 de 2 pruebas con Sí | G40: ='Objetivos y hitos'!$A$10&CHAR(10)&'Objetivos y hitos'!$F$10&CHAR(10)&TEXT('Objetivos y hitos'!$E$10/'Objetivos y hitos'!$D$10,"0%")&" · "&'Objetivos y hitos'!$E$10&" de "&'Objetivos y hitos'!$D$10&" pruebas con Sí" -> O1 · Identificación y Lectura local Sí 100% · 5 de 5 pruebas con Sí | L40: ='Objetivos y hitos'!$A$12&CHAR(10)&'Objetivos y hitos'!$F$12&CHAR(10)&TEXT('Objetivos y hitos'!$E$12/'Objetivos y hitos'!$D$12,"0%")&" · "&'Objetivos y hitos'!$E$12&" de "&'Objetivos y hitos'!$D$12&" pruebas con Sí" -> O3 · Búsqueda en la misma red Sí 100% · 5 de 5 pruebas con Sí | Q40: ='Objetivos y hitos'!$A$13&CHAR(10)&'Objetivos y hitos'!$F$13&CHAR(10)&TEXT('Objetivos y hitos'!$E$13/'Objetivos y hitos'!$D$13,"0%")&" · "&'Objetivos y hitos'!$E$13&" de "&'Objetivos y hitos'!$D$13&" pruebas con Sí" -> O4 · Búsqueda en otras redes Sí 100% · 3 de 3 pruebas con Sí | V40: ='Objetivos y hitos'!$A$14&CHAR(10)&'Objetivos y hitos'!$F$14&CHAR(10)&TEXT('Objetivos y hitos'!$E$14/'Objetivos y hitos'!$D$14,"0%")&" · "&'Objetivos y hitos'!$E$14&" de "&'Objetivos y hitos'!$D$14&" pruebas con Sí" -> O5 · Configuración remota Sí 100% · 5 de 5 pruebas con Sí | AA40: ='Objetivos y hitos'!$A$16&CHAR(10)&'Objetivos y hitos'!$F$16&CHAR(10)&TEXT('Objetivos y hitos'!$E$16/'Objetivos y hitos'!$D$16,"0%")&" · "&'Objetivos y hitos'!$E$16&" de "&'Objetivos y hitos'!$D$16&" pruebas con Sí" -> O7 · Registro por módulo Sí 100% · 3 de 3 pruebas con Sí | AF40: ='Objetivos y hitos'!$A$17&CHAR(10)&'Objetivos y hitos'!$F$17&CHAR(10)&TEXT('Objetivos y hitos'!$E$17/'Objetivos y hitos'!$D$17,"0%")&" · "&'Objetivos y hitos'!$E$17&" de "&'Objetivos y hitos'!$D$17&" pruebas con Sí" -> O8 · Recepción de mediciones Sí 100% · 1 de 1 pruebas con Sí | AK40: ='Objetivos y hitos'!$A$18&CHAR(10)&'Objetivos y hitos'!$F$18&CHAR(10)&TEXT('Objetivos y hitos'!$E$18/'Objetivos y hitos'!$D$18,"0%")&" · "&'Objetivos y hitos'!$E$18&" de "&'Objetivos y hitos'!$D$18&" pruebas con Sí" -> O9 · Interfaz de usuario Parcialmente 67% · 2 de 3 pruebas con Sí | AP40: ='Objetivos y hitos'!$A$19&CHAR(10)&'Objetivos y hitos'!$F$19&CHAR(10)&TEXT('Objetivos y hitos'!$E$19/'Objetivos y hitos'!$D$19,"0%")&" · "&'Objetivos y hitos'!$E$19&" de "&'Objetivos y hitos'!$D$19&" pruebas con Sí" -> O10 ·Entrega Sin probar 0% · 0 de 3 pruebas con Sí
G47: ='Objetivos y hitos'!$A$11&CHAR(10)&'Objetivos y hitos'!$F$11&CHAR(10)&TEXT('Objetivos y hitos'!$E$11/'Objetivos y hitos'!$D$11,"0%")&" · "&'Objetivos y hitos'!$E$11&" de "&'Objetivos y hitos'!$D$11&" pruebas con Sí" -> O2 · Configuración local Sí 100% · 5 de 5 pruebas con Sí
